brand,page_id,market,retailer,source_mode,library_id,media_type,start_date,ad_text,dt
be bare,988277981041744,JP,qoo10,page,2124129214989601,image,2026-03-17,毎週火曜日から、対象販売店にて1週間限定の30%OFFセールを実施中🩷,2026-03-17
ザツールラボ,761007497366639,JP,qoo10,page,4323215791269161,image,2026-02-03,[더툴랩 라운지 ONLY 무료 세척 서비스] 묵은 브러쉬도 '더툴랩 브러쉬 세탁소'에 오면 해결!,2026-02-03
ザツールラボ,761007497366639,JP,qoo10,page,26244466861882229,image,2026-03-06,"청담샵 영업비밀, 연장모 안심 세럼카라💕",2026-03-06
ザツールラボ,761007497366639,JP,qoo10,page,1667270354467307,image,2026-03-07,[청담샵 영업기밀💕]프로의 화잘먹 베이스 루틴,2026-03-07
ザツールラボ,761007497366639,JP,qoo10,page,1335251741987650,image,2026-03-07,"청담샵 영업비밀, 연장모 안심 세럼카라💕",2026-03-07
ザツールラボ,761007497366639,JP,qoo10,page,1448356126665593,image,2026-03-06,[한정기획] 블라썸 에디션 올영 단독 출시 🌸,2026-03-06
ザツールラボ,761007497366639,JP,qoo10,page,1588575582376120,image,2026-03-10,[Olive Young’s Top-Ranked] AQUA PUFF💚,2026-03-10
ザツールラボ,761007497366639,JP,qoo10,page,950929280709629,image,2026-02-28,[한정기획] 블라썸 에디션 올영 단독 출시 🌸,2026-02-28
ザツールラボ,761007497366639,JP,qoo10,page,1219776346786384,image,2026-01-23,[THE TOOL LAB Lounge ONLY | Free Brush Cleaning Service],2026-01-23
ザツールラボ,761007497366639,JP,qoo10,page,947429944407496,image,2026-03-06,Same cushion. Better skin. 🤍,2026-03-06
ザツールラボ,761007497366639,JP,qoo10,page,1433390531004682,image,2026-03-06,"청담샵 영업비밀, 연장모 안심 세럼카라💕",2026-03-06
ザツールラボ,761007497366639,JP,qoo10,page,1408444207631337,image,2026-03-10,"Same cushion, better skin with the All-Day Fitting Duo 🎉",2026-03-10
ザツールラボ,761007497366639,JP,qoo10,page,4234979190051291,image,2026-03-11,Same cushion. Better skin. 🤍,2026-03-11
ザツールラボ,761007497366639,JP,qoo10,page,4299812913576822,image,2026-03-19,[🚨Big Event Alert] Rising Brand Week is coming!,2026-03-19
ザツールラボ,761007497366639,JP,qoo10,page,1667076444468222,image,2026-03-22,[올영 품절대란템🔥] 툴 전용 멀티 클렌징 솝✨,2026-03-22
ザツールラボ,761007497366639,JP,qoo10,page,2142724233156749,image,2026-03-07,"청담샵 영업비밀, 연장모 안심 세럼카라💕",2026-03-07
ザツールラボ,761007497366639,JP,qoo10,page,1954800951785692,image,2026-03-06,"청담샵 영업비밀, 연장모 안심 세럼카라💕",2026-03-06
ザツールラボ,761007497366639,JP,qoo10,page,1983559215895003,image,2026-03-22,[올영 품절대란템🔥] 툴 전용 멀티 클렌징 솝✨,2026-03-22
ザツールラボ,761007497366639,JP,qoo10,page,1530389178074694,image,2026-02-04,[더툴랩 라운지 ONLY 무료 세척 서비스] 묵은 브러쉬도 '더툴랩 브러쉬 세탁소'에 오면 해결!,2026-02-04
ザツールラボ,761007497366639,JP,qoo10,page,3659429390866467,image,2026-03-07,"청담샵 영업비밀, 연장모 안심 세럼카라💕",2026-03-07
ザツールラボ,761007497366639,JP,qoo10,page,1503218294651560,image,2026-03-08,[청담샵 영업기밀💕]프로의 화잘먹 베이스 루틴,2026-03-08
VTコスメティックス,106232352197012,JP,qoo10,page,2013114266298182,image,2026-03-12,marie_nekomimi 페이지는 VT cosmetic JP과(와) 함께합니다,2026-03-12
VTコスメティックス,106232352197012,JP,qoo10,page,919007000943662,image,2026-03-19,望月拓未 페이지는 VT cosmetic JP과(와) 함께합니다,2026-03-19
VTコスメティックス,106232352197012,JP,qoo10,page,954023060479838,image,2026-03-19,marie_nekomimi 페이지는 VT cosmetic JP과(와) 함께합니다,2026-03-19
VTコスメティックス,106232352197012,JP,qoo10,page,4450413355191474,image,2026-03-19,marie_nekomimi 페이지는 VT cosmetic JP과(와) 함께합니다,2026-03-19
VTコスメティックス,106232352197012,JP,qoo10,page,922881477269821,image,2026-03-19,Insta用ページ 페이지는 VT cosmetic JP과(와) 함께합니다,2026-03-19
VTコスメティックス,106232352197012,JP,qoo10,page,779565908168288,image,2026-03-17,tokyo_bidanshi_club 페이지는 VT cosmetic JP과(와) 함께합니다,2026-03-17
VTコスメティックス,106232352197012,JP,qoo10,page,957218473929607,image,2026-03-20,【最大45%OFF】リードルショット1+1アンコール特価！,2026-03-20
VTコスメティックス,106232352197012,JP,qoo10,page,1420125182594318,image,2026-03-20,,2026-03-20
VTコスメティックス,106232352197012,JP,qoo10,page,1876521266341798,image,2026-03-19,スーパーセールを逃した方へ！今がチャンス！,2026-03-19
VTコスメティックス,106232352197012,JP,qoo10,page,1460061582578853,image,2026-03-19,Saki oizaki 페이지는 VT cosmetic JP과(와) 함께합니다,2026-03-19
VTコスメティックス,106232352197012,JP,qoo10,page,1412001583532462,image,2026-03-13,Mika J 페이지는 VT cosmetic JP과(와) 함께합니다,2026-03-13
VTコスメティックス,106232352197012,JP,qoo10,page,1549394922800340,image,2026-03-20,𝙰𝙺𝙾𝙻𝙾𝙶 페이지는 VT cosmetic JP과(와) 함께합니다,2026-03-20
VTコスメティックス,106232352197012,JP,qoo10,page,1287385973242786,image,2026-03-12,Ouchikireinishitai 페이지는 VT cosmetic JP과(와) 함께합니다,2026-03-12
VTコスメティックス,106232352197012,JP,qoo10,page,908420342168562,image,2026-03-19,skincarewithdr.yui 페이지는 VT cosmetic JP과(와) 함께합니다,2026-03-19
VTコスメティックス,106232352197012,JP,qoo10,page,1482670516706296,image,2026-03-12,rin_beauty23 페이지는 VT cosmetic JP과(와) 함께합니다,2026-03-12
VTコスメティックス,106232352197012,JP,qoo10,page,1592380572034733,image,2026-03-19,,2026-03-19
VTコスメティックス,106232352197012,JP,qoo10,page,2674259889618048,image,2026-03-12,ドリドリページ 페이지는 VT cosmetic JP과(와) 함께합니다,2026-03-12
VTコスメティックス,106232352197012,JP,qoo10,page,958997123327315,image,2026-03-20,肌コンディションに合わせて選べるカスタマイズケア💊,2026-03-20
VTコスメティックス,106232352197012,JP,qoo10,page,1918160218803235,image,2026-03-20,肌コンディションに合わせて選べるカスタマイズケア💊,2026-03-20
VTコスメティックス,106232352197012,JP,qoo10,page,714923021707551,image,2026-03-20,肌コンディションで選べるカスタマイズケア💊,2026-03-20
VTコスメティックス,106232352197012,JP,qoo10,page,2297061584119629,image,2026-03-20,"VT人気商品を詰め込んだ5,000円台のお得セットが登場! 🎁",2026-03-20
VTコスメティックス,106232352197012,JP,qoo10,page,2229137154489312,image,2026-03-20,tokyo_bidanshi_club 페이지는 VT cosmetic JP과(와) 함께합니다,2026-03-20
VTコスメティックス,106232352197012,JP,qoo10,page,2664257277284609,image,2026-03-19,Suzuno 페이지는 VT cosmetic JP과(와) 함께합니다,2026-03-19
VTコスメティックス,106232352197012,JP,qoo10,page,782577098239463,image,2026-03-20,,2026-03-20
VTコスメティックス,106232352197012,JP,qoo10,page,916205064620988,image,2026-03-19,VT シートマスク7日間限定アンコール特価❗,2026-03-19
VTコスメティックス,106232352197012,JP,qoo10,page,854698477625528,image,2026-03-19,hitoedes13 페이지는 VT cosmetic JP과(와) 함께합니다,2026-03-19
VTコスメティックス,106232352197012,JP,qoo10,page,904732865521158,image,2026-03-20,"VT人気商品を詰め込んだ5,000円台のお得セットが登場! 🎁",2026-03-20
VTコスメティックス,106232352197012,JP,qoo10,page,2426396744486314,image,2026-03-19,7_oko_4 페이지는 VT cosmetic JP과(와) 함께합니다,2026-03-19
VTコスメティックス,106232352197012,JP,qoo10,page,1864879987506500,image,2026-03-22,トリドリページ 페이지는 VT cosmetic JP과(와) 함께합니다,2026-03-22
VTコスメティックス,106232352197012,JP,qoo10,page,930742596208065,image,2026-03-20,,2026-03-20
