brand,page_id,market,retailer,source_mode,library_id,media_type,start_date,ad_text
VTcosmetic楽天市場店,106232352197012,JP,rakuten,page,2013114266298182,image,2026-03-12,marie_nekomimi 페이지는 VT cosmetic JP과(와) 함께합니다
VTcosmetic楽天市場店,106232352197012,JP,rakuten,page,919007000943662,image,2026-03-19,望月拓未 페이지는 VT cosmetic JP과(와) 함께합니다
VTcosmetic楽天市場店,106232352197012,JP,rakuten,page,954023060479838,image,2026-03-19,marie_nekomimi 페이지는 VT cosmetic JP과(와) 함께합니다
VTcosmetic楽天市場店,106232352197012,JP,rakuten,page,4450413355191474,image,2026-03-19,marie_nekomimi 페이지는 VT cosmetic JP과(와) 함께합니다
VTcosmetic楽天市場店,106232352197012,JP,rakuten,page,922881477269821,image,2026-03-19,Insta用ページ 페이지는 VT cosmetic JP과(와) 함께합니다
VTcosmetic楽天市場店,106232352197012,JP,rakuten,page,779565908168288,image,2026-03-17,tokyo_bidanshi_club 페이지는 VT cosmetic JP과(와) 함께합니다
VTcosmetic楽天市場店,106232352197012,JP,rakuten,page,957218473929607,image,2026-03-20,【最大45%OFF】リードルショット1+1アンコール特価！
VTcosmetic楽天市場店,106232352197012,JP,rakuten,page,1420125182594318,image,2026-03-20,
VTcosmetic楽天市場店,106232352197012,JP,rakuten,page,1876521266341798,image,2026-03-19,スーパーセールを逃した方へ！今がチャンス！
VTcosmetic楽天市場店,106232352197012,JP,rakuten,page,1460061582578853,image,2026-03-19,Saki oizaki 페이지는 VT cosmetic JP과(와) 함께합니다
VTcosmetic楽天市場店,106232352197012,JP,rakuten,page,1412001583532462,image,2026-03-13,Mika J 페이지는 VT cosmetic JP과(와) 함께합니다
VTcosmetic楽天市場店,106232352197012,JP,rakuten,page,1549394922800340,image,2026-03-20,𝙰𝙺𝙾𝙻𝙾𝙶 페이지는 VT cosmetic JP과(와) 함께합니다
VTcosmetic楽天市場店,106232352197012,JP,rakuten,page,1287385973242786,image,2026-03-12,Ouchikireinishitai 페이지는 VT cosmetic JP과(와) 함께합니다
VTcosmetic楽天市場店,106232352197012,JP,rakuten,page,908420342168562,image,2026-03-19,skincarewithdr.yui 페이지는 VT cosmetic JP과(와) 함께합니다
VTcosmetic楽天市場店,106232352197012,JP,rakuten,page,1482670516706296,image,2026-03-12,rin_beauty23 페이지는 VT cosmetic JP과(와) 함께합니다
VTcosmetic楽天市場店,106232352197012,JP,rakuten,page,1592380572034733,image,2026-03-19,
VTcosmetic楽天市場店,106232352197012,JP,rakuten,page,2674259889618048,image,2026-03-12,ドリドリページ 페이지는 VT cosmetic JP과(와) 함께합니다
VTcosmetic楽天市場店,106232352197012,JP,rakuten,page,958997123327315,image,2026-03-20,肌コンディションに合わせて選べるカスタマイズケア💊
VTcosmetic楽天市場店,106232352197012,JP,rakuten,page,1918160218803235,image,2026-03-20,肌コンディションに合わせて選べるカスタマイズケア💊
VTcosmetic楽天市場店,106232352197012,JP,rakuten,page,714923021707551,image,2026-03-20,肌コンディションで選べるカスタマイズケア💊
VTcosmetic楽天市場店,106232352197012,JP,rakuten,page,2297061584119629,image,2026-03-20,"VT人気商品を詰め込んだ5,000円台のお得セットが登場! 🎁"
VTcosmetic楽天市場店,106232352197012,JP,rakuten,page,2229137154489312,image,2026-03-20,tokyo_bidanshi_club 페이지는 VT cosmetic JP과(와) 함께합니다
VTcosmetic楽天市場店,106232352197012,JP,rakuten,page,2664257277284609,image,2026-03-19,Suzuno 페이지는 VT cosmetic JP과(와) 함께합니다
VTcosmetic楽天市場店,106232352197012,JP,rakuten,page,782577098239463,image,2026-03-20,
VTcosmetic楽天市場店,106232352197012,JP,rakuten,page,916205064620988,image,2026-03-19,VT シートマスク7日間限定アンコール特価❗
VTcosmetic楽天市場店,106232352197012,JP,rakuten,page,854698477625528,image,2026-03-19,hitoedes13 페이지는 VT cosmetic JP과(와) 함께합니다
VTcosmetic楽天市場店,106232352197012,JP,rakuten,page,904732865521158,image,2026-03-20,"VT人気商品を詰め込んだ5,000円台のお得セットが登場! 🎁"
VTcosmetic楽天市場店,106232352197012,JP,rakuten,page,2426396744486314,image,2026-03-19,7_oko_4 페이지는 VT cosmetic JP과(와) 함께합니다
VTcosmetic楽天市場店,106232352197012,JP,rakuten,page,1864879987506500,image,2026-03-22,トリドリページ 페이지는 VT cosmetic JP과(와) 함께합니다
VTcosmetic楽天市場店,106232352197012,JP,rakuten,page,930742596208065,image,2026-03-20,
アテニア公式ショップ　楽天市場店,411756138922704,JP,rakuten,page,3823945304407424,video,2026-03-01,【見逃せない👀✨️】大人気クレンジングから、3種のアロマを試せるトライアルセットが登場！
アテニア公式ショップ　楽天市場店,411756138922704,JP,rakuten,page,859009073788890,image,2026-01-18,アテニアの30代向けプレエイジングケアライン✨
アテニア公式ショップ　楽天市場店,411756138922704,JP,rakuten,page,1238013448019173,image,2026-03-15,"え、お試しでこんなに！？💜化粧水1.5ヵ月分が入った豪華セットは公式でしか買えません！アテニアの本格シワ改善ケアを1,200円(税込)でお得に体験！"
アテニア公式ショップ　楽天市場店,411756138922704,JP,rakuten,page,900903292808018,image,2026-03-17,「今日はどの香りにしようかな？💛」角質ケアがかなうクレンジングの3種の香りを楽しめる豪華セット！公式限定でお一人様1点限り。
アテニア公式ショップ　楽天市場店,411756138922704,JP,rakuten,page,921863363508074,image,2026-01-26,アテニアの30代向けプレエイジングケアライン✨
アテニア公式ショップ　楽天市場店,411756138922704,JP,rakuten,page,2181319672607797,image,2026-03-12,"【公式サイト限定で1,800円！】業界初「浸透型エクソソーム」を配合！ハリツヤ導入美容液で“水密つや肌”へ！"
アテニア公式ショップ　楽天市場店,411756138922704,JP,rakuten,page,942321075185317,image,2026-03-17,「今日はどの香りにしようかな？💛」角質ケアがかなうクレンジングの3種の香りを楽しめる豪華セット！公式限定でお一人様1点限り。
アテニア公式ショップ　楽天市場店,411756138922704,JP,rakuten,page,25862734533321340,image,2026-01-18,アテニアの30代向けプレエイジングケアライン✨
アテニア公式ショップ　楽天市場店,411756138922704,JP,rakuten,page,25947640268261019,image,2026-03-11,🔔この広告は検索しても出てきません🔔お一人様1点限りの限定案内！
アテニア公式ショップ　楽天市場店,411756138922704,JP,rakuten,page,1185943333424203,image,2026-03-18,「今日はどの香りにしようかな？💛」角質ケアがかなうクレンジングの3種の香りを楽しめる豪華セット！公式限定でお一人様1点限り。
アテニア公式ショップ　楽天市場店,411756138922704,JP,rakuten,page,1103495698581511,image,2026-02-27,"【公式サイト限定で1,800円！】業界初「浸透型エクソソーム」を配合！ハリツヤ導入美容液で“水密つや肌”へ！"
アテニア公式ショップ　楽天市場店,411756138922704,JP,rakuten,page,1402055661205569,image,2026-02-27,"【公式サイト限定で1,800円！】業界初「浸透型エクソソーム」を配合！ハリツヤ導入美容液で“水密つや肌”へ！"
アテニア公式ショップ　楽天市場店,411756138922704,JP,rakuten,page,1943719466276138,image,2026-03-16,【お試しなのに化粧水1.5ヵ月分！】アテニアのシワ改善×ハリ肌スキンケア
アテニア公式ショップ　楽天市場店,411756138922704,JP,rakuten,page,916020914386956,image,2026-03-03,【お試しなのに化粧水1.5ヵ月分！】アテニアのシワ改善×ハリ肌スキンケア
アテニア公式ショップ　楽天市場店,411756138922704,JP,rakuten,page,26092350140420984,image,2026-03-16,【お試しなのに化粧水1.5ヵ月分！】アテニアのシワ改善×ハリ肌スキンケア
アテニア公式ショップ　楽天市場店,411756138922704,JP,rakuten,page,857396567340052,image,2026-02-26,【お試しなのに化粧水1.5ヵ月分！】アテニアのシワ改善×ハリ肌スキンケア
アテニア公式ショップ　楽天市場店,411756138922704,JP,rakuten,page,903852265799408,video,2026-03-16,なりたいイメージ別！アテニアのおすすめメイク🍂​
アテニア公式ショップ　楽天市場店,411756138922704,JP,rakuten,page,1212921277284986,image,2026-03-19,"業界初の“水密ブースター”をトライアル価格で💖いつものスキンケアにプラス！水密ツヤ肌に導くハリツヤ導入美容液が1,800円(税込)。アテニア初めての方限定でお一人様1点限り！"
アテニア公式ショップ　楽天市場店,411756138922704,JP,rakuten,page,948750954167580,image,2026-03-19,アテニア ドレスリフトの公式限定セットで、
アテニア公式ショップ　楽天市場店,411756138922704,JP,rakuten,page,1685037652525927,video,2026-03-16,アテニアは創業37年目を迎えることができました✨🌹​
アテニア公式ショップ　楽天市場店,411756138922704,JP,rakuten,page,1429560522303407,image,2026-03-17,🔔この広告は検索しても出てきません🔔お一人様1点限りの限定案内！
アテニア公式ショップ　楽天市場店,411756138922704,JP,rakuten,page,2562050937524634,image,2026-03-06,【お試しなのに化粧水1.5ヵ月分！】アテニアのシワ改善×ハリ肌スキンケア
アテニア公式ショップ　楽天市場店,411756138922704,JP,rakuten,page,928406582895390,image,2026-03-01,【見逃せない👀✨️】大人気クレンジングから、3種のアロマを試せるトライアルセットが登場！
アテニア公式ショップ　楽天市場店,411756138922704,JP,rakuten,page,1291852576091541,image,2026-03-17,【お試しなのに化粧水1.5ヵ月分！】アテニアのシワ改善×ハリ肌スキンケア
ビタミンC誘導体のトゥヴェール,547760755094035,JP,rakuten,page,2169709453846502,image,2026-03-19,【3/26まで！トゥヴェール全品送料無料】お得な特別クーポンも！会員様だけの特別な7日間。UVケアしながら、美白にもアプローチする豊富なスキンケア成分を配合。メイクの上から使え、日焼け止めの塗り直しや外出先のメイク直しに便利なミラー付きのコンパクトタイプ。紫外線はもちろん、ブルーライト、近赤外線、ロングUVAなどの光からもカットします。いつでもふんわり、毛穴レスなセミマットで美しい肌へ。
ビタミンC誘導体のトゥヴェール,547760755094035,JP,rakuten,page,1237450441427086,image,2026-03-18,【NEW】トゥヴェールからレチノール配合ボディミルク シトラスグリーンの香りが誕生！公式サイト2000個限定販売、送料無料
ビタミンC誘導体のトゥヴェール,547760755094035,JP,rakuten,page,3435814866575377,image,2026-03-18,【NEW】トゥヴェールからレチノール配合ボディミルク シトラスグリーンの香りが誕生！公式サイト2000個限定販売、送料無料
ビタミンC誘導体のトゥヴェール,547760755094035,JP,rakuten,page,938686528538905,image,2026-03-19,【トゥヴェール全品送料無料】さらに特別クーポンも！会員様だけの特別な7日間。春のゆらぎ肌に、ナイアシンアミドやセラミドで挑むトゥヴェール本気のスキンケア。うるおい満ちたなめらかなハリ肌へ
ビタミンC誘導体のトゥヴェール,547760755094035,JP,rakuten,page,846680878457848,image,2026-03-19,【3/26まで！トゥヴェール全品送料無料】お得な特別クーポンも！会員様だけの特別な7日間。UVケアしながら、美白にもアプローチする豊富なスキンケア成分を配合。メイクの上から使え、日焼け止めの塗り直しや外出先のメイク直しに便利なミラー付きのコンパクトタイプ。紫外線はもちろん、ブルーライト、近赤外線、ロングUVAなどの光からもカットします。いつでもふんわり、毛穴レスなセミマットで美しい肌へ。
ビタミンC誘導体のトゥヴェール,547760755094035,JP,rakuten,page,908635472008735,image,2026-03-19,【トゥヴェール全品送料無料】さらに特別クーポンも！会員様だけの特別な7日間。美白、シワ改善、肌荒れに効く薬用クリーム。3つの有効成分「ナイアシンアミド」「トラネキサム酸」「グリチルリチン酸ジカリウム」を贅沢配合し、大人の複合化する肌悩みに徹底アプローチします。ひと塗りで、透明感あふれるキメ細かな肌へ。
SK-II 公式ショップ楽天市場店,210782685643962,JP,rakuten,page,1591427672074064,image,2026-03-04,Tips giúp Hannah có chuyến đi du lịch ở sa mạc vui và có nhiều ảnh đẹp
SK-II 公式ショップ楽天市場店,210782685643962,JP,rakuten,page,1623782095488203,image,2026-03-02,Aon Somrutai - ออน สมฤทัย 페이지는 SK-II과(와) 함께합니다
SK-II 公式ショップ楽天市場店,210782685643962,JP,rakuten,page,1500929454936719,image,2026-02-28,美容ライター/まぃまぃ 페이지는 SK-II과(와) 함께합니다
SK-II 公式ショップ楽天市場店,210782685643962,JP,rakuten,page,1574835127064254,image,2026-02-28,cami_kana 페이지는 SK-II과(와) 함께합니다
SK-II 公式ショップ楽天市場店,210782685643962,JP,rakuten,page,984562713906195,image,2026-03-04,"10 năm 1 chuyện tình, không biết có ai giống mình dùng từ những năm 2015 không ?"
SK-II 公式ショップ楽天市場店,210782685643962,JP,rakuten,page,4248420768777289,image,2026-02-28,💫อัปเดตสกินแคร์ที่ชอบของ @skii ได้ลองใช้แล้วนุ่มละมุนมาก
SK-II 公式ショップ楽天市場店,210782685643962,JP,rakuten,page,1604710914007890,image,2026-03-13,庭柔 페이지는 SK-II과(와) 함께합니다
SK-II 公式ショップ楽天市場店,210782685643962,JP,rakuten,page,2872351962957348,image,2026-02-28,cami_kana 페이지는 SK-II과(와) 함께합니다
SK-II 公式ショップ楽天市場店,210782685643962,JP,rakuten,page,3953024941656667,image,2026-02-28,cami_kana 페이지는 SK-II과(와) 함께합니다
SK-II 公式ショップ楽天市場店,210782685643962,JP,rakuten,page,1294424822504938,image,2026-02-28,Tang_ful 페이지는 SK-II과(와) 함께합니다
SK-II 公式ショップ楽天市場店,210782685643962,JP,rakuten,page,4435611673350985,image,2026-03-15,【数量限定新生活トライアルキット】桜モチーフの限定ボトルでこの春をスタート！ベスコス殿堂入り化粧水に加え、ベスコス2025にて美容液部門年間1位を受賞した美白美容液、新発売のふっくらハリ美容クリームが揃った豪華キットを今すぐチェック。
SK-II 公式ショップ楽天市場店,210782685643962,JP,rakuten,page,1446471106863925,image,2026-03-03,Shiny Huang 페이지는 SK-II과(와) 함께합니다
SK-II 公式ショップ楽天市場店,210782685643962,JP,rakuten,page,1681454029525886,image,2026-02-28,cami_kana 페이지는 SK-II과(와) 함께합니다
SK-II 公式ショップ楽天市場店,210782685643962,JP,rakuten,page,1242023894196862,image,2026-02-28,"피테라™와 함께한 한 달. 문가영의 피부에 찾아온 변화, 지금 확인해보세요."
SK-II 公式ショップ楽天市場店,210782685643962,JP,rakuten,page,1991414358075091,image,2026-02-28,cami_kana 페이지는 SK-II과(와) 함께합니다
SK-II 公式ショップ楽天市場店,210782685643962,JP,rakuten,page,1633498581436453,image,2026-03-02,日本売上No.1の美白美容液。8つの効果を揃えた医療部外品で、美白ケアからシワ改善、肌の乾燥を防いでうるおいケアまで。圧倒的にまばゆい、新レベルのオーラへ。
SK-II 公式ショップ楽天市場店,210782685643962,JP,rakuten,page,1625001072016377,image,2026-03-10,Titan Tyra 페이지는 SK-II과(와) 함께합니다
SK-II 公式ショップ楽天市場店,210782685643962,JP,rakuten,page,1951736598768135,image,2026-03-15,【数量限定新生活トライアルキット】桜モチーフの限定ボトルでこの春をスタート！ベスコス殿堂入り化粧水に加え、ベスコス2025にて美容液部門年間1位を受賞した美白美容液、新発売のふっくらハリ美容クリームが揃った豪華キットを今すぐチェック。
SK-II 公式ショップ楽天市場店,210782685643962,JP,rakuten,page,1619534972644255,image,2026-02-28,Anzalna Nasir 페이지는 SK-II과(와) 함께합니다
SK-II 公式ショップ楽天市場店,210782685643962,JP,rakuten,page,1542148196863596,image,2026-02-28,💫อัปเดตสกินแคร์ที่ชอบของ @skii ได้ลองใช้แล้วนุ่มละมุนมาก
SK-II 公式ショップ楽天市場店,210782685643962,JP,rakuten,page,1404192220887218,image,2026-02-28,รีวิวครีมแพง 페이지는 SK-II과(와) 함께합니다
SK-II 公式ショップ楽天市場店,210782685643962,JP,rakuten,page,1531225874645321,image,2026-02-28,Tang_ful 페이지는 SK-II과(와) 함께합니다
FANCL公式ショップ 楽天市場店,114366675313669,JP,rakuten,page,790547947437498,image,2026-03-15,すこやかで美しい素肌を育む　FANCL 無添加スキンケア
FANCL公式ショップ 楽天市場店,114366675313669,JP,rakuten,page,770907865716089,image,2026-03-13,
FANCL公式ショップ 楽天市場店,114366675313669,JP,rakuten,page,935584452494315,image,2026-03-14,
FANCL公式ショップ 楽天市場店,114366675313669,JP,rakuten,page,1286697720001663,image,2026-03-08,やるべきケアと、やらなくていいケアがわかります。
FANCL公式ショップ 楽天市場店,114366675313669,JP,rakuten,page,1446187977293936,image,2026-03-11,
FANCL公式ショップ 楽天市場店,114366675313669,JP,rakuten,page,2441791522946938,image,2026-03-12,
FANCL公式ショップ 楽天市場店,114366675313669,JP,rakuten,page,25948081774842440,image,2026-03-15,
FANCL公式ショップ 楽天市場店,114366675313669,JP,rakuten,page,1876837203033932,image,2026-03-19,うさよし化粧品成分検定1級 페이지는 FANCL과(와) 함께합니다
FANCL公式ショップ 楽天市場店,114366675313669,JP,rakuten,page,1318293180116750,image,2026-03-19,Rina Ishii ri7tin1025 페이지는 FANCL과(와) 함께합니다
FANCL公式ショップ 楽天市場店,114366675313669,JP,rakuten,page,4248396562081340,image,2026-03-19,FANCL 페이지는 FANCL과(와) 함께합니다
FANCL公式ショップ 楽天市場店,114366675313669,JP,rakuten,page,4300875720161412,image,2026-03-19,tomilly101 페이지는 FANCL과(와) 함께합니다
FANCL公式ショップ 楽天市場店,114366675313669,JP,rakuten,page,1681764562957167,image,2026-03-08,皆さんとともに歩み続けて、累計1億袋を突破！これからも「おいしい幸せ」のそばに
